"id","grupo","idade","sexo","peso","imc","pressao_sistolica","pressao_diastolica","glicemia","tempo_seguimento"
1,"Intervenção",77,"Masculino",67.6,23.5,142,86,98.1,124
2,"Controle",66,"Masculino",62.1,22.8,157,86,115.8,353
3,"Intervenção",56,"Masculino",74.7,25,110,76,112.4,197
4,"Intervenção",47,"Feminino",48.6,25.6,147,73,77.2,331
5,"Controle",45,"Feminino",88.5,33.4,124,97,89.5,351
6,"Controle",13,"Masculino",67.4,25,116,86,90,49
7,"Intervenção",63,"Feminino",44.5,27.9,127,64,100.3,190
8,"Controle",53,"Feminino",85.8,33.5,153,71,87.7,212
9,"Controle",50,"Masculino",60.7,21.3,122,77,113.6,231
10,"Controle",54,"Masculino",72,31.1,128,87,107.4,350
11,"Controle",60,"Feminino",61.4,29.4,132,66,89.4,120
12,"Controle",49,"Masculino",81.6,24.8,108,81,106.1,35
13,"Intervenção",51,"Masculino",82.6,25.4,128,73,100.5,252
14,"Intervenção",27,"Feminino",52.2,26.7,125,69,115.9,354
15,"Intervenção",54,"Feminino",60.6,16.2,98,102,92.6,153
16,"Intervenção",48,"Masculino",96.5,25.8,128,84,113.5,258
17,"Intervenção",43,"Feminino",83.1,23.7,140,81,111.1,183
18,"Controle",53,"Feminino",86.1,22.7,106,84,103.8,227
19,"Controle",58,"Feminino",76.8,21.2,114,97,131.3,326
20,"Intervenção",55,"Masculino",74.6,27.3,137,92,113.5,166
21,"Intervenção",34,"Masculino",75.2,15.7,117,64,118.7,296
22,"Controle",52,"Masculino",58.8,21.7,145,77,113,274
23,"Intervenção",29,"Masculino",71.2,28.5,119,82,90.8,166
24,"Intervenção",41,"Feminino",64.1,26.7,124,68,98,267
25,"Controle",48,"Masculino",63.7,26.9,129,88,133.4,208
26,"Intervenção",72,"Feminino",88.7,25.9,134,85,111.3,125
27,"Intervenção",63,"Masculino",71.3,24.9,150,86,110.6,267
28,"Intervenção",37,"Masculino",78.3,26.8,127,99,114.9,110
29,"Controle",71,"Feminino",59.7,35.1,127,76,113.9,35
30,"Controle",22,"Masculino",103.7,20.3,130,70,119.2,60
31,"Controle",31,"Feminino",58.9,28.4,173,82,86.6,92
32,"Intervenção",31,"Masculino",68.9,19,115,77,98.7,245
33,"Intervenção",21,"Masculino",66.3,27.2,129,97,96,333
34,"Controle",59,"Feminino",71.1,26.9,128,68,100.2,115
35,"Controle",32,"Feminino",77.8,34.1,106,104,87.2,333
36,"Intervenção",42,"Masculino",86.1,24.9,119,75,87.2,32
37,"Intervenção",30,"Feminino",71.4,13.9,120,98,55.8,249
38,"Intervenção",48,"Masculino",81.3,30.5,144,83,96.4,231
39,"Controle",63,"Masculino",63,23.3,135,93,108,348
40,"Controle",60,"Masculino",96.7,27.6,134,76,77.4,363
41,"Intervenção",49,"Feminino",96.1,25.3,136,92,126.6,158
42,"Intervenção",29,"Feminino",76.4,32.4,165,66,89.7,141
43,"Controle",55,"Masculino",81.9,29.9,144,79,91.7,334
44,"Intervenção",44,"Feminino",64.1,26.7,154,70,75.7,349
45,"Controle",48,"Masculino",73.6,29.2,114,87,113.1,140
46,"Controle",52,"Masculino",66.1,28.3,137,76,73.5,200
47,"Controle",62,"Feminino",90.1,24.6,145,71,79.7,160
48,"Intervenção",54,"Masculino",52.7,28.6,122,82,84.6,151
49,"Intervenção",51,"Masculino",81.2,23.3,118,78,124.5,57
50,"Controle",48,"Feminino",67,27,121,80,95.2,39
51,"Intervenção",50,"Feminino",60.1,23,134,62,108.4,360
52,"Controle",56,"Masculino",63,32.5,132,67,83.9,323
53,"Controle",36,"Masculino",84,29.3,120,77,123.9,328
54,"Controle",68,"Feminino",78.9,27.5,122,100,70.2,279
55,"Intervenção",65,"Masculino",73.9,34.6,137,82,105.7,35
56,"Intervenção",71,"Masculino",68,24.2,143,72,95.5,254
57,"Controle",40,"Feminino",75.8,18.9,115,73,62.8,161
58,"Intervenção",40,"Masculino",72.4,26,133,77,81.5,173
59,"Intervenção",22,"Feminino",79,26.8,128,75,112.7,259
60,"Intervenção",54,"Masculino",62.2,32.4,122,72,127.8,212
61,"Intervenção",45,"Feminino",74.3,27.4,120,99,116.5,168
62,"Intervenção",46,"Masculino",73.5,28.8,127,82,94.5,133
63,"Intervenção",53,"Masculino",41.9,28.1,142,75,92,320
64,"Intervenção",25,"Masculino",75.1,30.5,119,73,90.1,190
65,"Intervenção",32,"Masculino",85.2,37.3,147,91,78.8,312
66,"Intervenção",41,"Masculino",80.5,21.8,125,74,63.2,278
67,"Controle",33,"Masculino",85,24,122,84,122.5,92
68,"Controle",64,"Masculino",83.8,32.9,138,79,113.3,90
69,"Controle",64,"Feminino",67.6,34.9,113,78,93.4,97
70,"Controle",67,"Feminino",76.8,22.7,99,87,113,128
71,"Intervenção",65,"Masculino",75.8,26,121,82,94.5,215
72,"Intervenção",56,"Masculino",60.8,29.1,98,90,106,77
73,"Controle",61,"Feminino",71.1,23.6,123,94,108.7,194
74,"Controle",41,"Masculino",89,27.9,80,77,113.8,137
75,"Intervenção",78,"Masculino",63.3,28,148,73,100,110
76,"Controle",83,"Feminino",118.7,30.4,114,73,121.2,225
77,"Controle",49,"Feminino",78.6,18.6,111,91,107,100
78,"Controle",42,"Feminino",94.9,25.3,130,83,101.4,30
79,"Intervenção",50,"Feminino",93.1,24.7,119,82,131.6,39
80,"Intervenção",48,"Masculino",57.1,32.5,114,68,114,88
81,"Controle",33,"Masculino",92,15.1,128,70,85.1,363
82,"Intervenção",47,"Feminino",47.3,20.7,132,84,123.4,108
83,"Intervenção",70,"Masculino",64.1,23.9,141,88,104.3,55
84,"Intervenção",52,"Masculino",71.9,21.9,133,79,97.7,127
85,"Controle",64,"Masculino",76,23.4,138,59,77.1,196
86,"Controle",36,"Feminino",75.3,29.2,127,76,112.9,248
87,"Intervenção",48,"Feminino",64.6,29.4,124,73,70.7,238
88,"Controle",59,"Feminino",66.2,27.2,117,82,96.3,176
89,"Intervenção",35,"Masculino",70.2,28.5,95,84,88.8,69
90,"Controle",55,"Masculino",68.6,16.7,135,75,88.2,100
91,"Intervenção",86,"Feminino",75.6,29.6,115,81,111.1,98
92,"Controle",44,"Masculino",69.7,26,102,84,75.9,149
93,"Intervenção",37,"Masculino",59.4,27.1,151,89,109.4,30
94,"Controle",59,"Feminino",77.7,22.8,125,83,139.3,328
95,"Intervenção",53,"Feminino",86.3,25.8,94,95,130.8,216
96,"Intervenção",65,"Feminino",61.4,28.1,133,88,91.6,272
97,"Controle",44,"Feminino",79.1,31.7,119,76,89.5,326
98,"Controle",41,"Masculino",80.7,22.2,149,91,98,215
99,"Intervenção",29,"Masculino",63.5,31.8,122,91,116.5,221
100,"Intervenção",40,"Feminino",64.8,21.7,108,79,104.8,195
101,"Intervenção",48,"Feminino",85.2,26.7,131,88,154.3,121
102,"Controle",61,"Feminino",81.8,34.9,117,62,89.6,116
103,"Intervenção",33,"Feminino",65.9,24.6,125,83,112.7,154
104,"Controle",64,"Masculino",78.4,24.2,121,88,81.9,161
105,"Intervenção",64,"Feminino",72.7,23.5,134,73,82.8,356
106,"Intervenção",39,"Masculino",77,23.8,122,73,119.6,111
107,"Controle",60,"Masculino",84.9,24.8,121,97,93.7,137
108,"Intervenção",50,"Masculino",77.2,31,87,91,105.3,270
109,"Controle",18,"Masculino",63.6,23.2,156,82,133.7,357
110,"Controle",56,"Feminino",88,21.5,138,80,93.8,270
111,"Controle",53,"Masculino",86.1,25.5,148,104,91.4,255
112,"Intervenção",49,"Feminino",56.1,30.3,116,79,93.3,301
113,"Controle",60,"Masculino",52.1,20.8,110,80,106.5,165
114,"Intervenção",53,"Feminino",89.6,20.2,139,87,120.4,114
115,"Intervenção",47,"Masculino",66.8,28.7,112,90,98.3,153
116,"Controle",56,"Feminino",69.6,27.6,119,77,93.8,248
117,"Controle",54,"Feminino",62.4,23,131,76,86.3,33
118,"Controle",33,"Masculino",82.4,30.1,123,81,112.2,67
119,"Controle",54,"Masculino",98.2,27.8,134,76,80.6,265
120,"Intervenção",48,"Feminino",68.8,19.9,135,64,124.8,262
121,"Intervenção",29,"Masculino",77.2,20.4,127,70,132.3,156
122,"Intervenção",34,"Feminino",99.5,22.9,121,75,93.1,163
123,"Intervenção",47,"Feminino",53.1,38.5,154,71,105,198
