"","pat_code","age","gdm_acdt","macro_acdt","gest","weight","type_hc","term","gw_fin","locat_hc","fbs_fu1","fbs_fu2","fbs_fu3","no_total_fu"
"1","1",14,0,0,1,76,1,1,76,1,0.8,0.9,0.89,4
"2","2",30,0,0,2,87,1,1,85,1,0.88,0.81,0.85,6
"3","3",16,0,0,1,59,1,1,63,1,0.98,0.88,0.83,5
"4","4",29,0,0,4,78,1,1,75,2,0.94,1,NA,7
"5","5",26,0,0,2,72,1,1,72,2,0.9,0.97,NA,2
"6","6",31,0,0,2,77,1,1,77,1,0.99,0.96,0.98,6
"7","7",20,0,0,2,103,1,1,107,1,0.91,0.84,0.88,15
"8","8",29,0,0,4,85,1,1,82,2,0.89,NA,NA,3
"9","9",35,0,0,2,57,1,1,64,2,0.8,0.85,0.84,9
"10","10",27,0,0,4,81,1,0,80,2,0.77,NA,0.93,4
"11","11",19,0,0,2,68,1,1,74,1,1.01,0.86,1.02,13
"12","12",19,0,0,1,84,1,1,85,1,0.76,0.78,0.69,4
"13","13",26,0,0,1,82,1,1,NA,1,NA,NA,NA,0
"14","14",22,0,0,3,70,1,1,71,2,0.81,0.79,NA,10
"15","15",29,0,0,4,65,1,1,69,2,0.85,0.8,0.78,7
"16","16",20,0,0,1,73,1,1,68,1,0.88,0.81,0.84,5
"17","17",33,0,0,3,89,1,1,84,1,1,0.93,0.91,6
"18","18",36,0,0,3,109,1,1,112,1,0.99,NA,1.1,15
"19","19",23,0,0,1,73,1,1,74,2,0.8,NA,0.85,18
"20","20",27,0,0,2,85,1,1,95,1,1.07,0.78,0.84,7
"21","21",21,0,0,3,65,1,1,68.5,1,0.79,0.91,0.76,16
"22","22",18,0,0,3,63,1,1,68,2,0.87,0.82,0.94,9
"23","23",20,0,0,1,86,1,1,87,1,1.03,0.89,1.02,12
"24","24",16,0,0,1,60,1,1,68,1,0.9,0.86,NA,2
"25","25",25,0,0,3,53,1,1,51,2,0.61,0.6,NA,2
"26","26",25,0,0,1,93,1,1,94,2,0.82,0.77,0.91,5
"27","27",15,0,0,1,83,1,1,86,2,0.75,0.79,0.85,4
"28","28",20,0,0,1,54,1,1,58,1,0.88,0.96,0.87,12
"29","29",28,0,0,1,100,1,1,96,1,0.82,0.88,0.79,3
"30","30",16,0,0,1,63,1,1,62,2,0.72,0.82,0.74,7
"31","31",26,0,0,3,67,1,1,69,2,1.01,0.93,0.88,6
"32","32",20,0,0,1,74,1,1,74,1,0.76,0.72,0.91,6
"33","33",24,0,0,1,64,1,1,72,1,0.76,0.82,NA,2
"34","34",14,0,0,2,83,1,1,82,2,1.02,0.71,0.79,6
"35","35",32,0,0,3,75,1,1,81,1,0.96,1.04,0.9,12
"36","36",24,0,0,1,63,1,1,68,1,0.9,0.86,0.74,8
"37","37",27,0,0,3,67,1,1,69,2,0.62,0.62,0.6,9
"38","38",26,0,0,3,86,1,1,78.5,2,0.82,0.81,0.7,3
"39","39",30,0,0,4,65,1,0,NA,2,0.92,0.83,NA,2
"40","40",18,0,0,1,79,1,1,76,1,1.01,0.7,0.84,15
"41","41",22,0,0,2,48,1,1,46,2,0.8,0.78,NA,2
"42","42",26,0,0,3,83,1,1,72.3000030517578,2,1.02,0.93,0.92,14
"43","43",34,0,0,2,58,1,1,54,2,0.36,NA,NA,1
"44","44",24,0,0,3,73,1,1,72,1,0.86,0.89,NA,2
"45","45",24,0,0,2,60,1,1,63,1,0.9,NA,NA,1
"46","46",16,0,0,1,65,1,1,65,1,0.91,0.92,0.9,8
"47","47",18,0,0,1,51,1,1,52,1,0.83,NA,0.86,3
"48","48",22,0,0,2,93,1,1,94,2,0.93,NA,1.04,22
"49","49",27,0,0,1,75,1,1,85,1,0.9,0.83,0.86,8
"50","50",39,0,0,3,73,1,1,76,2,0.98,NA,NA,1
"51","51",17,0,0,3,86,1,1,81,1,1,0.97,0.92,12
"52","52",38,0,0,1,55,1,1,60,2,0.76,0.8,0.9,6
"53","53",32,0,0,4,86,1,1,83,1,1,0.96,1.01,15
"54","54",14,0,0,1,69,1,1,78,2,0.77,0.67,0.74,6
"55","55",17,0,1,2,77,1,1,77,1,NA,0.82,NA,5
"56","56",26,0,0,1,87,1,1,91.5,1,0.97,NA,NA,1
"57","57",30,0,0,1,68,1,1,70,1,0.88,0.84,0.93,6
"58","58",21,0,0,3,52,1,1,65,2,0.88,0.86,NA,10
"59","59",13,0,0,1,61,1,1,58,2,0.62,0.87,0.71,8
"60","60",19,0,0,3,57,1,1,56.7000007629395,2,0.78,0.74,1.02,6
"61","61",17,0,0,1,55,1,1,57,2,0.88,0.95,0.77,15
"62","62",14,0,0,1,71,1,1,71,1,0.92,NA,NA,12
"63","63",34,0,0,5,70,1,1,72,1,0.86,NA,0.78,6
"64","64",31,0,0,4,73,1,1,73,1,0.86,0.8,0.82,3
"65","65",29,0,0,5,62,1,1,61,2,0.58,0.82,0.9,5
"66","66",24,0,0,5,77,1,1,79,1,0.89,0.84,NA,12
"67","67",18,0,0,3,61,1,1,91.6999969482422,1,1.08,0.94,0.85,7
"68","68",16,0,0,1,65,1,1,67,2,0.9,0.89,0.79,12
"69","69",14,0,0,2,61,1,1,70.5,1,0.97,NA,0.9,5
"70","70",27,0,0,4,74,1,1,73,1,0.76,0.78,0.77,5
"71","71",36,0,0,4,80,1,1,79,2,0.86,0.79,NA,14
"72","72",19,0,0,1,61,1,0,65,2,0.87,0.81,0.84,5
"73","73",28,0,0,3,66,1,1,67,2,0.62,0.6,0.66,8
"74","74",18,0,0,1,71,1,1,72,2,0.8,0.68,0.76,6
"75","75",14,0,0,1,89,1,1,87,1,0.74,0.7,NA,2
"76","76",30,0,0,4,78,1,1,79,2,0.86,0.68,0.52,7
"77","77",24,0,0,2,93,1,1,90,2,1.07,1.05,1.09,4
"78","78",19,0,0,3,48.5,1,1,60,2,0.66,0.69,0.83,4
"79","79",15,0,0,3,70,1,1,75,2,0.92,0.91,0.91,10
"80","80",27,0,0,4,73,1,1,74,1,0.98,0.73,NA,4
"81","81",31,0,0,4,87,1,1,89,1,0.92,0.75,0.86,7
"82","82",30,0,0,4,89,1,1,81.3000030517578,2,0.82,1,0.82,20
"83","83",22,0,0,2,86,1,1,82,1,NA,0.99,0.84,14
"84","84",22,0,0,4,54,1,1,63,2,0.77,0.77,NA,11
"85","85",30,0,0,4,73,1,1,73,1,0.9,0.85,0.82,19
"86","86",36,0,0,3,81,1,1,86,1,0.82,0.84,0.9,9
"87","87",24,0,0,2,70,1,1,67,1,0.99,0.82,0.85,4
"88","88",14,0,0,1,75,1,1,74,1,0.92,0.95,0.91,11
"89","89",21,0,0,1,58,1,1,60,2,0.9,0.77,0.85,6
"90","90",18,0,0,3,59,1,1,60,2,0.78,0.9,0.82,7
"91","91",15,0,0,1,63,1,1,59,2,0.89,0.87,0.9,3
"92","92",16,0,0,1,62.7,1,1,63.2999992370605,2,0.92,0.9,0.88,3
"93","93",23,0,0,2,66,1,1,68,1,0.8,0.78,0.77,16
"94","94",13,0,0,1,71,1,1,76.5999984741211,2,0.89,NA,1,18
"95","95",30,0,0,1,85,1,1,88.5,2,0.9,NA,1.13,9
"96","96",18,0,0,1,87,1,1,80,1,0.87,0.99,0.78,3
"97","97",29,0,0,3,64,1,1,68,2,0.87,0.93,0.83,3
"98","98",24,0,0,2,73,1,1,69,2,1.04,0.99,1,9
"99","99",30,1,0,5,63,1,1,64.5,1,0.79,0.96,0.76,16
"100","100",26,0,0,3,66,1,1,71,1,0.89,0.84,NA,2
"101","101",26,0,0,3,80,1,1,88,1,NA,NA,0.82,13
"102","102",24,0,0,1,70,1,1,74.4000015258789,1,0.89,0.83,0.79,9
"103","103",31,0,0,5,85,1,1,87.5,2,1.06,0.88,0.81,21
"104","104",18,0,0,2,63,1,1,60,2,0.56,0.69,0.62,7
"105","105",18,0,0,2,75,1,1,85,2,0.76,0.78,0.76,7
"106","106",25,0,0,2,83,1,1,94,2,0.92,0.92,1.08,6
"107","107",31,0,0,1,70,1,1,70,1,0.76,NA,0.66,6
"108","108",29,0,0,3,73,1,1,72,1,0.79,0.88,0.89,11
"109","109",32,0,0,1,63,1,1,62,1,0.9,0.84,1,10
"110","110",37,0,0,3,77,1,1,75,1,0.7,0.71,0.68,3
"111","111",28,0,0,4,80,1,1,74,2,0.87,0.87,0.76,8
"112","112",24,0,0,4,65,1,1,70,2,NA,1.14,NA,7
"113","113",25,0,0,5,88,1,1,85,1,NA,NA,1,3
"114","114",16,0,0,1,73,1,1,72,1,0.84,0.9,NA,2
"115","115",19,0,0,3,65.5,1,1,70,2,0.77,0.83,NA,2
"116","116",19,0,0,2,74,1,1,77,1,0.85,0.79,NA,2
"117","117",32,0,0,2,56,1,1,54,1,0.93,0.98,0.91,4
"118","118",30,0,0,3,86,1,1,75,1,0.84,0.74,NA,2
"119","119",29,1,1,3,85,2,1,83,1,1.2,NA,NA,1
"120","120",13,0,0,1,80,2,1,79,1,0.94,NA,NA,1
"121","121",18,0,0,2,75,2,1,78.5,1,1.16,1.05,0.94,16
"122","122",23,1,0,3,64,2,1,61,2,NA,NA,0.7,5
"123","123",36,1,0,2,71,2,1,73,1,1.4,NA,NA,1
"124","124",31,0,0,1,72,2,1,72,1,NA,1.04,NA,2
"125","125",30,0,0,4,83,2,1,79,1,0.92,0.91,0.79,8
"126","126",19,0,0,1,78,2,1,80,2,0.75,0.7,0.97,4
"127","127",30,1,0,5,102,2,1,NA,1,NA,NA,NA,0
"128","128",16,0,0,1,73,2,1,79,2,0.91,NA,NA,1
"129","129",31,1,1,5,103,2,1,NA,1,NA,NA,NA,0
"130","130",29,0,1,3,85,2,1,84,1,1.05,0.94,NA,9
"131","131",22,0,0,4,68,2,1,83,1,NA,0.85,NA,2
"132","132",29,0,1,4,63,2,1,NA,2,NA,NA,NA,0
"133","133",14,0,0,1,68,2,1,73,1,0.93,0.82,0.81,4
"134","134",24,0,0,4,110,2,1,105,1,0.84,0.8,0.82,4
"135","135",21,0,0,1,69,2,0,68,1,0.94,NA,1.02,8
"136","136",14,0,0,1,63,2,0,69,2,0.74,0.77,NA,2
"137","137",26,0,0,1,70,2,1,NA,2,1.2,0.73,NA,2
"138","138",35,0,0,3,75,2,1,80,2,0.9,NA,NA,4
"139","139",36,0,0,2,71,2,1,79,2,0.79,NA,NA,1
"140","140",21,0,0,1,62,2,1,67,1,0.96,NA,0.94,7
"141","141",26,0,0,3,68,2,1,68,2,0.91,0.88,NA,2
"142","142",33,0,0,6,73,2,1,71,1,1.16,NA,NA,1
"143","143",20,0,1,2,59,2,1,70,2,0.96,0.85,0.94,3
"144","144",20,0,0,3,80,2,1,78,2,1,0.87,0.85,6
"145","145",19,0,0,2,64,2,1,63,2,0.92,0.78,0.89,4
"146","146",15,0,0,2,85,2,1,86,1,0.95,NA,0.83,6
"147","147",26,0,0,2,89,2,1,84,1,0.87,0.82,1,12
"148","148",24,0,0,4,81,2,0,82,1,0.76,0.77,0.86,9
"149","149",20,0,0,2,73,2,1,67,2,0.77,0.8,0.84,4
"150","150",22,0,0,3,70,2,1,79.5,2,NA,NA,NA,5
"151","151",36,0,1,5,73,2,1,74,1,0.91,0.75,NA,2
"152","152",20,0,0,2,69,2,1,73,2,0.91,1.14,NA,7
"153","153",24,0,0,3,65,2,1,70,2,1.2,0.89,1.45,4
"154","154",26,0,0,4,87,2,1,85,1,1.21,NA,NA,6
"155","155",15,0,0,1,59,2,1,69,2,NA,NA,NA,4
"156","156",21,0,0,2,62,2,1,58,2,0.74,0.76,NA,2
"157","157",29,1,1,3,67,2,1,74,2,1,0.85,NA,2
"158","158",30,0,0,3,74,2,1,69.5,1,0.95,0.95,0.88,8
"159","159",25,0,0,3,80,2,1,97,2,1.1,0.98,NA,5
"160","160",31,0,1,4,63,2,1,69,2,0.73,0.85,1.14,4
"161","161",31,0,0,3,108,2,1,NA,2,NA,NA,NA,0
"162","162",30,0,0,4,93,2,1,101,2,0.84,NA,NA,1
"163","163",15,0,0,1,89,2,1,91,2,1.02,0.89,NA,2
"164","164",24,0,0,1,57,2,1,71,2,1.03,1.02,0.93,3
"165","165",24,0,0,5,88,2,1,86,2,0.93,1.07,NA,2
"166","166",31,0,0,3,50,2,1,55,2,0.78,NA,NA,1
"167","167",17,0,0,2,72,2,1,75.5999984741211,1,0.91,0.78,NA,11
"168","168",18,0,0,3,73,2,1,79,1,0.92,0.89,0.88,3
"169","169",21,0,0,4,75,2,1,75,2,0.81,NA,0.77,3
"170","170",19,0,0,1,62,2,1,65,2,0.79,0.89,0.9,3
"171","171",13,0,0,1,78,2,1,85,1,NA,NA,NA,2
"172","172",19,1,1,2,81,2,0,NA,2,NA,NA,NA,0
"173","173",21,1,0,2,63,2,1,62,2,0.78,0.86,NA,2
"174","174",16,0,0,1,61,2,1,64,1,0.83,0.83,0.85,11
"175","175",29,0,0,1,86,2,1,NA,1,0.9,NA,NA,1
"176","176",16,0,1,4,83,2,1,82,2,NA,NA,NA,2
"177","177",22,0,0,3,81,2,1,83,2,NA,NA,NA,1
"178","178",14,0,0,1,63,2,0,NA,2,NA,NA,NA,0
"179","179",33,1,0,5,97,2,1,95,2,1,0.89,NA,2
"180","180",30,1,0,4,73,2,1,NA,2,0.7,0.91,NA,2
"181","181",22,0,0,2,57,2,1,74,1,0.89,0.86,0.86,3
"182","182",30,1,1,3,68,2,1,NA,2,NA,NA,NA,0
"183","183",24,0,0,1,59,2,1,60,1,NA,NA,1.03,12
"184","184",14,0,0,1,49,2,1,57,2,0.77,0.58,0.89,5
"185","185",29,0,0,5,86,2,1,77,2,1.09,1.18,1.06,8
"186","186",34,0,0,4,70,2,1,68,1,1.08,1.05,1.04,7
"187","187",26,0,0,3,102,2,1,112,2,NA,NA,NA,1
"188","188",16,0,0,1,78,2,1,85,2,0.9,0.93,NA,3
"189","189",25,0,0,5,78,2,1,71,1,0.97,NA,NA,7
"190","190",25,0,0,3,95,2,1,92,2,1,0.88,1,4
"191","191",31,1,1,4,62,2,1,60,1,0.73,NA,NA,1
"192","192",21,1,0,2,67,2,1,75,2,1.02,0.89,0.89,4
"193","193",18,0,1,3,64,2,1,67.1999969482422,1,NA,0.84,NA,10
"194","194",27,0,0,3,68,2,1,66,1,NA,NA,NA,3
"195","195",20,0,0,1,64,2,1,65,2,0.78,0.79,0.85,3
"196","196",13,0,0,1,79,2,1,90,1,0.84,0.81,0.83,3
"197","197",31,0,0,1,70,2,1,68.5,1,0.87,NA,NA,6
"198","198",29,0,1,4,59,2,1,56.7999992370605,1,0.85,NA,0.75,13
"199","199",21,0,0,2,71,2,1,73,2,0.8,NA,NA,2
"200","200",13,0,0,1,69,2,1,71,1,0.92,0.68,NA,4
"201","201",19,0,0,2,62,2,1,63,2,0.96,NA,NA,1
"202","202",35,0,0,3,83,2,1,86,2,1.45,1.03,NA,3
"203","203",15,0,0,1,65,2,1,NA,2,NA,NA,NA,0
"204","204",13,0,0,1,55,2,1,70,2,NA,1.06,NA,4
"205","205",34,0,0,3,74,2,1,71,1,1.43,1.1,1.1,5
"206","206",17,0,1,2,69.3,2,1,NA,2,NA,NA,NA,0
"207","207",18,0,0,2,69,2,1,68,1,0.71,0.89,NA,4
"208","208",17,0,0,1,66,2,1,63,2,0.87,0.97,NA,2
"209","209",24,0,0,2,82,2,1,82,1,NA,NA,0.86,6
"210","210",14,0,0,1,56,2,1,NA,1,NA,NA,NA,0
