"","id","category","maternal_age","gestational_age_v1","bmi_v1","steps_per_day_v1","ppaq_moderate_v1","daily_caloric_intake_v1","steps_per_day_v2","ppaq_moderate_v2","daily_caloric_intake_v2","last_weight_before_delivery","gestational_age_delivery"
"1","001","1",29,14.7142857142857,41.1924433807389,5986.83333333333,35.7,2247.58752380952,4929.83333333333,116.925,2008.02722857143,128.18,41.1428571428571
"2","002","2",31,14.8571428571429,31.0119658781463,6672.57142857143,73.55,2024.36441666667,NA,85.325,1638.39557142857,88.36,38.1428571428571
"3","003","1",29,14,31.2840851955195,5939.28571428571,131.15,2798.11128571429,5978,125.775,3359.83100142857,90.5,40.5714285714286
"4","004","2",28,14.7142857142857,44.901890938296,NA,6.05,3148.33028095238,3775,15.675,2956.97614523809,137,39.8571428571429
"5","005","1",25,13,40.8118496347457,6735,24.225,2480.76886666667,NA,46.525,3000.00383809524,132.4,40.2857142857143
"6","006","1",32,14,31.6739325275624,8302.14285714286,31.075,3050.29319047619,7579.28571428571,47.5,2450.94896809524,100.5,38.7142857142857
"7","007","1",38,13,30.98240831795,NA,17.2,1776.28161904762,5830.57142857143,34.525,2315.93041285714,96.6,39.4285714285714
"8","008","2",32,15.2857142857143,38.9062436610004,5487,10.5,2855.90438095238,NA,NA,NA,100.7,38.8571428571429
"9","009","2",23,14,28.4007752857877,5637.14285714286,40.675,2951.67921904762,5743.14285714286,9.3,1963.12308761905,79,41
"10","010","1",33,13.5714285714286,30.4113816854229,8648.42857142857,38.225,3078.243,12361.2857142857,39.325,3322.99095238095,94,40.2857142857143
"11","011","2",27,13.7142857142857,31.130925163847,4287,56.95,2206.99138095238,4637.28571428571,60.25,1720.64731428571,96.8,37.5714285714286
"12","012","1",26,15,31.5962603878116,4975.85714285714,64.6,1931.60972380952,4910,41.65,2326.76304761905,84.4,40.1428571428571
"13","013","1",31,13,32.59905096254,5295.33333333333,116.925,1921.25398809524,4125,67.75,NA,89.1,38.5714285714286
"14","014","1",34,12.4285714285714,36.1595471699907,6957.71428571429,56.525,2222.12267047619,6787.85714285714,82.375,2678.38627142857,101.6,40
"15","015","2",31,15,35.1506453414164,5035,63.8,1033.36412380952,4697.71428571429,11.15,1367.53995238095,101.6,40.7142857142857
"16","016","2",30,13.5714285714286,33.0322276803527,NA,135.3,1665.96153428571,NA,18.025,2476.90604761905,98.5,38.1428571428571
"17","017","2",25,12.7142857142857,32.3010610179903,10447.7142857143,35.725,1467.3549752381,8770,93.325,1293.8407347619,102,39.1428571428571
"18","018","1",31,15.8571428571429,34.2284708238056,5400.71428571429,33.1,1728.35285952381,4633.85714285714,27.9,2306.78644761905,100.5,37.4285714285714
"19","019","2",31,13.7142857142857,32.9120128847029,6064.66666666667,50.075,3218.46373809524,5970.33333333333,76.025,2930.86013333333,103.2,38
"20","020","1",27,11.7142857142857,31.387524056528,5061.57142857143,8.25,1947.57819761905,3996.33333333333,7.8,1733.39321428571,98,39.8571428571429
"21","021","2",33,14.4285714285714,32.2992394325906,4705.14285714286,34.425,2328.23488333333,5311.85714285714,30.45,2134.81266666667,96,40
"22","022","2",36,13,36.262474526199,6633.85714285714,22.925,2282.05686666667,4339.42857142857,20.575,1710.17523809524,97,39.2857142857143
"23","023","1",30,11.7142857142857,38.2810126572277,5088.6,50,2405.6624647619,NA,21.675,1818.72777619048,109.1,38.4285714285714
"24","024","2",34,12.1428571428571,36.4822181188616,6490.57142857143,38.125,1841.44871428572,5065.85714285714,66.55,1543.36787619048,107,41
"25","025","2",36,14.1428571428571,30.2051120692622,NA,25.45,2594.42507142857,NA,NA,NA,NA,36.4285714285714
"26","026","1",34,13,46.276206688603,4750.42857142857,22.05,1402.95008095238,3823.71428571429,14.05,2284.28304761905,126,38.4285714285714
"27","027","2",32,14.4285714285714,43.3704412932781,3837.71428571429,100.1,1686.28467142857,NA,NA,NA,NA,NA
"28","028","2",35,14.5714285714286,31.6796913289986,8057.28571428571,133.5,1913.71804571429,5663.85714285714,65.575,1828.55592857143,8,39.7142857142857
"29","029","1",34,14.4285714285714,32.8713448010936,4652.14285714286,82.375,2291.9309352381,6803.2,62.1,2283.29478571429,90,40.5714285714286
"30","030","1",34,14.2857142857143,35.4422026183752,5156.57142857143,30.15,1835.24742857143,5288.42857142857,41.075,1880.30386047619,106.2,41.1428571428571
"31","031","1",27,14.7142857142857,29.6586247130114,4558.85714285714,59.85,2393.22621428571,4488,49.375,1975.7354647619,86.9,38.5714285714286
"32","032","2",27,12.7142857142857,38.2489328629286,7349.28571428571,79.7,1675.90151666667,6636,160.55,1816.97454761905,107,39.4285714285714
"33","033","1",30,14.7142857142857,38.2084414318887,7645.6,98.975,2289.50522761905,NA,NA,NA,106,39.8571428571429
"34","034","2",35,14.4285714285714,33.6953251618288,4850.85714285714,18.525,1787.71509523809,5611.42857142857,56.9,2620.17397619048,99.3,40.8571428571429
"35","035","1",33,14,30.7562922543865,4742.57142857143,21.6,744.251824285714,4561,55.85,958.960792380952,98.5,37.7142857142857
"36","036","2",33,14.2857142857143,33.5130961181784,6108,70.65,2186.47178095238,4955,22,2352.85089285714,104.6,38.5714285714286
"37","037","2",39,14.5714285714286,35.7373450413223,5120.14285714286,64.375,2027.00350952381,4753.33333333333,28.6,2622.9675547619,121.5,39.2857142857143
"38","038","1",35,13.7142857142857,35.1344938979705,6151.57142857143,18.05,1830.35073809524,6400,16.35,2057.50096190476,105.2,41
"39","039","2",26,12.8571428571429,31.351752459034,8116.85714285714,126.525,2319.07850714286,4850.71428571429,114.275,1369.70071428571,103.5,38.4285714285714
"40","040","1",32,11.5714285714286,49.6622142872887,5790.5,68.65,1544.00895238095,NA,NA,NA,NA,NA
"41","041","2",36,16.7142857142857,32.2001726524864,5921.42857142857,51.475,2698.83627142857,NA,157.425,2406.90401190476,96.7,39
"42","042","1",26,14.4285714285714,42.4262394495186,6526,70.425,3945.24600666667,7335.28571428571,87.25,2990.15233809524,117.6,39.7142857142857
"43","043","2",28,15.2857142857143,30.5865471841364,9222,25.625,2614.74969047619,6184.66666666667,12.25,2614.01904761905,84,38.2857142857143
"44","044","2",31,15.8571428571429,30.9359700145265,4121.5,85.4,2074.57080952381,NA,35.65,2585.27311904762,92.5,41.1428571428571
"45","045","1",34,12.8571428571429,35.7539125239562,2059.16666666667,7.9,961.202804761905,1849.14285714286,21.05,2351.32395714286,135.1,38.2857142857143
"46","046","1",30,14.1428571428571,29.5973951079562,4347.33333333333,24.45,2816.17606666667,5559,47.65,2854.76463809524,89.1,39.5714285714286
"47","047","1",24,13.2857142857143,31.1595006226654,NA,6.4,3243.46341428571,NA,39.825,2030.2905047619,100,40.1428571428571
"48","048","1",25,12.4285714285714,32.4259355602985,3737.57142857143,38.95,1546.96943809524,4728.42857142857,21.9,2023.14197619048,100,40
"49","049","2",26,14.2857142857143,33.9259573981191,3438,24.45,1886.29128857143,NA,16.1,3716.36510323809,99.5,41.4285714285714
"50","050","2",31,13.4285714285714,39.1287676869699,4032.71428571429,46.3,2455.71845238095,3097,40.8,1791.81600952381,114.5,39.8571428571429
