"","no","group","sex","age","hbp","smoke","dm","bm_id","tc","tg","t_ldl"
"1",1,"statin","male",80,"yes","yes","no",23.6,3.6,0.75,0.75
"2",2,"statin","male",64,"no","yes","no",19.4,5.51,0.96,3.59
"3",3,"statin","female",51,"yes","no","no",27.1,2.75,1.3,1.07
"4",4,"statin","male",62,"yes","yes","yes",24.5,2.84,0.38,3.15
"5",5,"statin","female",72,"yes","no","no",33.6,3.98,2.46,2.19
"6",6,"statin","male",71,"yes","yes","no",22.5,2.91,1.24,0.7
"7",7,"statin","female",66,"no","no","no",22,2.82,1.12,2.6
"8",8,"statin","male",61,"yes","no","no",20.8,4.94,1.78,2.44
"9",9,"statin","male",80,"yes","yes","no",25,5.13,1.68,2.28
"10",10,"statin","male",82,"no","yes","yes",20,3.62,0.9,2.01
"11",11,"statin","female",75,"yes","no","yes",27.3,4.71,2.42,1.6
"12",12,"statin","male",73,"yes","yes","no",22.6,4.15,2.54,1.1
"13",13,"statin","male",68,"no","no","no",19.3,4.32,0.58,3.02
"14",14,"statin","male",70,"yes","yes","no",26.4,2.77,1.26,1.22
"15",15,"statin","male",79,"yes","no","yes",31.6,2.86,2.58,2.09
"16",16,"statin","female",62,"yes","no","no",20.3,4.69,1.13,2.56
"17",17,"statin","male",73,"yes","no","no",27.2,4.2,2.3,2.04
"18",18,"statin","female",74,"yes","no","yes",25.1,4.37,1.4,4.77
"19",19,"statin","female",60,"yes","no","no",24,6.51,3.46,2.23
"20",20,"statin","female",65,"yes","no","no",21.9,5.06,1.57,1.09
"21",21,"statin","female",62,"yes","no","yes",26,5.38,1.91,3.24
"22",22,"statin","female",66,"yes","no","yes",25.6,4.56,0.74,2.57
"23",23,"statin","male",62,"yes","yes","no",19,2.79,0.66,1.59
"24",24,"statin","male",85,"yes","no","no",18.6,2.36,1.84,1.8
"25",25,"statin","female",71,"yes","no","no",27.6,3.08,0.8,2.62
"26",26,"statin","female",71,"yes","no","no",20.8,3.17,1.03,0.91
"27",27,"statin","female",72,"no","no","yes",23.2,5.54,1.8,2.97
"28",28,"statin","male",83,"yes","no","no",23.7,2.67,0.49,2.05
"29",29,"statin","female",78,"yes","no","yes",20,4.12,1.37,2.21
"30",30,"statin","male",74,"yes","no","no",25,3.9,0.76,2.16
"31",31,"statin","female",67,"yes","no","no",23.2,3.69,1.37,1.51
"32",33,"statin","female",62,"yes","no","yes",26,3.44,2.25,2.5
"33",34,"statin","female",69,"yes","no","no",18.6,3.21,0.85,1.8
"34",35,"statin","female",72,"yes","no","yes",25.5,3.92,1.1,3.07
"35",36,"statin","female",84,"yes","no","no",31.1,4.36,0.75,2.28
"36",37,"statin","female",74,"yes","no","no",29.6,4.29,1.56,2.86
"37",38,"statin","female",65,"yes","no","no",31,4.12,1.14,2.22
"38",39,"statin","male",77,"yes","yes","no",23.4,4,1.81,2.07
"39",40,"statin","male",87,"yes","yes","yes",24.1,3.68,1.8,2.63
"40",41,"statin","male",93,"yes","yes","no",22.4,3.65,0.72,1.74
"41",42,"statin","male",63,"yes","yes","yes",22.1,4.92,1.34,2.59
"42",43,"statin","female",71,"yes","no","yes",23.3,3.86,1.21,2.57
"43",44,"statin","male",54,"yes","yes","no",22.6,2.59,0.87,1.77
"44",45,"statin","male",66,"yes","no","yes",22.5,3.52,1.6,0.5
"45",46,"statin","female",69,"yes","no","no",19.5,2.99,1.21,1.6
"46",47,"statin","male",75,"yes","no","yes",23.4,3.92,2.01,1.67
"47",48,"statin","female",55,"yes","no","yes",25,5.48,2.34,3.02
"48",49,"statin","female",64,"no","no","yes",28,4.16,0.97,2.11
"49",50,"statin","female",61,"yes","no","no",23.4,6.89,2.06,1.86
"50",51,"statin","female",78,"no","no","no",23.6,4.91,0.81,2.95
"51",52,"statin","male",67,"yes","yes","yes",24.5,3.55,5.54,1.41
"52",53,"statin","male",78,"yes","no","no",22.7,4.06,1.12,1.48
"53",54,"statin","female",78,"yes","no","no",24.7,5.04,2.38,3.14
"54",55,"statin","male",70,"yes","no","yes",29.4,2.82,0.84,1.44
"55",56,"statin","female",85,"yes","yes","yes",28.9,3.96,1.22,2.7
"56",57,"statin","female",65,"yes","no","yes",25,3.76,1.93,1.54
"57",58,"statin","female",50,"yes","no","no",19,3.44,1.83,1.66
"58",59,"statin","female",76,"yes","no","no",25,4.38,1.46,3.04
"59",60,"statin","male",67,"yes","yes","no",23.8,2.76,0.79,2.03
"60",61,"statin","female",65,"yes","no","yes",25,3.76,1.93,1.54
"61",62,"statin","male",60,"no","yes","no",21,4.1,0.6,2.37
"62",63,"statin","male",67,"yes","no","yes",23.5,3.57,2.89,2.87
"63",64,"statin","female",73,"yes","no","no",22,3.27,1.47,2.03
"64",65,"statin","male",70,"yes","yes","yes",23.3,4.51,1.07,3.56
"65",66,"statin","male",67,"yes","yes","yes",24.2,3.29,0.92,3.01
"66",67,"statin","female",62,"yes","no","no",27.7,3.23,3.42,2.13
"67",68,"statin","male",59,"no","yes","no",27.2,4.57,1.76,2.69
"68",69,"statin","female",61,"yes","no","yes",31.5,4.1,0.94,1.24
"69",71,"statin","female",84,"yes","no","no",24.6,5.01,1.8,4.87
"70",72,"statin","female",73,"yes","no","no",29.6,2.75,1.45,1.11
"71",73,"statin","male",73,"yes","yes","no",27.3,4.79,1.03,1.31
"72",74,"statin","female",56,"no","no","yes",24.6,4.59,1.08,3
"73",75,"statin","male",64,"yes","yes","no",19.4,5.01,1.07,2.11
"74",76,"statin","male",75,"yes","yes","yes",22,2.53,0.65,1.78
"75",77,"statin","female",65,"yes","yes","yes",29.7,3.98,1.7,2.58
"76",78,"statin_EZ","male",87,"yes","no","yes",28.3,3.44,1.49,3.21
"77",79,"statin_EZ","female",56,"yes","no","no",23.1,5.78,1.33,2.05
"78",80,"statin_EZ","female",69,"yes","no","no",24.9,3.41,0.83,1.24
"79",81,"statin_EZ","female",63,"yes","no","yes",31.3,4.85,1.14,3.09
"80",82,"statin_EZ","female",69,"yes","no","no",18.9,4.99,1.07,3.12
"81",83,"statin_EZ","female",80,"yes","no","no",28.2,2.96,1.26,2.05
"82",84,"statin_EZ","male",77,"yes","yes","no",19.5,3.23,0.65,3.29
"83",85,"statin_EZ","male",83,"yes","no","no",20.5,3.07,0.64,0.97
"84",86,"statin_EZ","male",62,"yes","no","no",24.9,4.81,1.89,3
"85",87,"statin_EZ","male",53,"no","no","no",18.6,3.69,1.35,2.7
"86",88,"statin_EZ","female",65,"yes","no","no",20.5,5.98,1.12,2.92
"87",89,"statin_EZ","male",79,"yes","yes","no",21.7,4.54,1.1,2.11
"88",90,"statin_EZ","female",85,"yes","no","yes",26.2,1.85,1.04,0.75
"89",91,"statin_EZ","female",63,"yes","no","no",23.4,3.45,1.65,2
"90",92,"statin_EZ","male",65,"yes","yes","yes",21.8,4.89,1.76,1.06
"91",93,"statin_EZ","female",50,"no","no","no",18.7,5.21,6.4,1.21
"92",94,"statin_EZ","male",57,"yes","no","no",24.2,2.95,1.44,1.91
"93",95,"statin_EZ","male",71,"yes","yes","yes",23.1,2.62,0.82,1.63
"94",96,"statin_EZ","male",62,"yes","no","no",21,4.13,1.62,1.77
"95",97,"statin_EZ","female",78,"yes","no","yes",20.9,7.26,0.78,2.64
"96",98,"statin_EZ","male",54,"yes","yes","yes",27,6.11,3.1,5
"97",99,"statin_EZ","male",69,"yes","no","no",28,4.68,0.96,3.71
"98",100,"statin_EZ","male",45,"yes","yes","no",28.4,4.56,3.22,3.33
"99",101,"statin_EZ","female",82,"yes","no","yes",29.2,4.02,0.92,1.73
"100",102,"statin_EZ","male",82,"yes","no","no",28,3.3,1.26,1.12
"101",103,"statin_EZ","female",70,"yes","no","yes",27,4.19,1.89,2.49
"102",104,"statin_EZ","male",62,"yes","yes","yes",32.5,3.53,0.85,1.11
"103",105,"statin_EZ","male",58,"yes","yes","yes",25.4,5.18,2.11,3.83
"104",106,"statin_EZ","female",85,"yes","no","no",22.1,3.03,0.66,2.51
"105",107,"statin_EZ","female",85,"yes","yes","no",24,3.67,0.76,3.89
"106",108,"statin_EZ","female",54,"no","no","no",25,5.3,2.7,2.455
"107",109,"statin_EZ","female",60,"yes","no","yes",19.6,4.17,1.07,3.71
"108",110,"statin_EZ","female",65,"yes","no","yes",21.1,5.23,1.59,3.57
"109",111,"statin_EZ","female",64,"yes","no","no",22.5,5.67,2.55,2.14
"110",112,"statin_EZ","female",64,"yes","no","no",16.2,4.32,0.59,2.34
"111",113,"statin_EZ","male",58,"no","yes","no",24.2,5.47,0.98,2.34
"112",114,"statin_EZ","female",77,"yes","yes","no",25.1,4.54,0.6,2.42
"113",115,"statin_EZ","female",83,"yes","no","no",23.8,5.24,0.96,1.72
"114",116,"statin_EZ","male",59,"yes","yes","no",28.1,5.06,2.42,1.13
"115",117,"statin_EZ","female",57,"yes","no","no",28,4.2,1.42,4.2
"116",118,"statin_EZ","male",71,"yes","no","yes",30.4,3.36,2.22,1.67
"117",119,"statin_EZ","male",70,"yes","yes","no",19.6,2.14,0.81,0.23
"118",120,"statin_EZ","female",72,"yes","no","yes",25.2,4.46,1.55,3.12
"119",121,"statin_EZ","female",65,"yes","no","no",19,3.79,0.65,0.78
"120",122,"statin_EZ","female",74,"yes","no","no",27.4,3.18,1.51,1.39
"121",123,"statin_EZ","male",69,"yes","yes","yes",23.7,5.65,1.77,2.3
"122",124,"statin_EZ","male",85,"yes","no","yes",24.6,3.94,2.25,2.29
"123",125,"statin_EZ","female",71,"yes","no","no",20.1,6.94,2.26,2.83
"124",126,"statin_EZ","male",64,"yes","yes","yes",16.6,6.4,2.8,4.49
"125",127,"statin_EZ","male",63,"yes","yes","no",26.4,2.8,1.74,0.56
"126",128,"statin_EZ","female",83,"yes","no","no",20.2,3.8,0.72,1.36
"127",129,"statin_EZ","female",61,"no","no","yes",22.1,6.08,2.57,2.47
"128",130,"statin_EZ","male",65,"no","yes","no",26.1,4.97,1.76,3.6
"129",131,"statin_EZ","female",72,"yes","no","yes",30.3,6.91,1.23,0.48
"130",132,"statin_EZ","female",77,"yes","no","no",22.2,4.08,1.15,3.65
"131",133,"statin_EZ","male",73,"yes","yes","no",26.2,5.27,2.34,2.49
"132",134,"statin_EZ","female",97,"yes","no","yes",23.5,5.1,2.74,3.25
"133",135,"statin_EZ","female",64,"yes","no","yes",20.4,3.44,0.73,2.02
"134",136,"statin_EZ","female",76,"no","no","yes",21.8,3.57,2.07,2.68
"135",137,"statin_EZ","female",61,"no","no","no",24.3,6.49,2.01,1.15
"136",138,"statin_EZ","female",62,"no","no","no",23.1,4.11,1.12,2
"137",139,"statin_EZ","male",67,"yes","yes","yes",26.1,2.99,1.17,2.06
"138",140,"statin_EZ","male",66,"yes","yes","yes",22.1,2.87,0.86,1.46
"139",141,"statin_EZ","male",65,"no","yes","yes",24.1,5.89,2.16,1.48
"140",142,"statin_EZ","male",65,"yes","no","no",22,4.12,4.15,3.53
"141",143,"statin_EZ","male",68,"yes","no","no",24.5,3.11,1.92,1.66
"142",144,"statin_EZ","female",75,"no","no","no",20.5,3.33,1.66,1.61
"143",145,"statin_EZ","male",57,"yes","yes","yes",22.1,4.94,2.07,1.18
"144",146,"statin_EZ","female",63,"yes","no","no",20.7,3.33,1.29,1.56
"145",147,"statin_EZ","female",79,"yes","no","yes",19.1,5.66,1.23,1.95
"146",148,"statin_EZ","male",63,"no","no","no",19.1,2.43,1,1.63
"147",149,"statin_EZ","female",75,"yes","no","no",18.9,4.21,1.53,1.49
"148",150,"statin_EZ","male",70,"yes","yes","yes",36.7,4.98,2.09,2.31
"149",151,"statin_pcsk9","male",71,"no","no","yes",18.8,4.09,0.55,3.39
"150",152,"statin_pcsk9","male",70,"yes","no","yes",33.3,2.41,1.3,1.71
"151",153,"statin_pcsk9","male",82,"yes","no","yes",32.3,4.1,2.81,2.02
"152",154,"statin_pcsk9","female",65,"no","no","no",24.7,4.69,2.18,2.53
"153",155,"statin_pcsk9","female",57,"yes","yes","no",22.7,2.7,1.2,0.37
"154",156,"statin_pcsk9","female",74,"yes","no","yes",19.7,2.63,1.63,0.79
"155",157,"statin_pcsk9","male",85,"yes","no","no",22.2,3.71,1.57,1.24
"156",158,"statin_pcsk9","male",67,"no","no","no",27.5,3.95,1.61,1.59
"157",159,"statin_pcsk9","female",76,"yes","yes","no",26,3.83,1,1.39
"158",160,"statin_pcsk9","male",64,"no","yes","no",18.9,4.14,1.22,1.41
"159",161,"statin_pcsk9","male",61,"no","yes","no",25.1,3.79,1.56,3.3
"160",162,"statin_pcsk9","female",68,"yes","no","no",19.5,4.63,1.29,1.37
"161",163,"statin_pcsk9","female",72,"yes","no","yes",25.8,6.41,2.04,3.03
"162",164,"statin_pcsk9","male",68,"yes","no","no",23.1,5.05,1.82,2.93
"163",165,"statin_pcsk9","female",61,"yes","yes","yes",28.3,3.3,1.06,1.25
"164",166,"statin_pcsk9","female",67,"yes","no","no",24.4,4.88,2.25,1.63
"165",167,"statin_pcsk9","male",73,"yes","no","yes",23.1,4.68,2.67,1.02
"166",168,"statin_pcsk9","female",84,"yes","no","no",23.8,3.49,0.9,0.82
"167",169,"statin_pcsk9","female",75,"yes","yes","yes",28,5.04,4.99,1.21
"168",170,"statin_pcsk9","female",80,"yes","no","yes",19.6,3,1.05,1.69
"169",171,"statin_pcsk9","female",55,"no","no","yes",24.2,4.7,1.07,0.31
"170",172,"statin_pcsk9","male",70,"yes","no","no",23,3.79,3.82,2.02
"171",173,"statin_pcsk9","male",61,"no","no","no",20.8,4.22,1.46,1.56
"172",174,"statin_pcsk9","female",49,"yes","yes","no",27.8,5.45,1.24,4.63
"173",175,"statin_pcsk9","male",80,"yes","no","yes",22.2,4.34,1.25,2.25
"174",176,"statin_pcsk9","female",68,"yes","no","yes",33.1,4.57,2.68,3.35
"175",177,"statin_pcsk9","female",82,"yes","no","yes",25.3,3.17,1.49,1.47
"176",178,"statin_pcsk9","male",83,"yes","no","no",19,2.93,0.94,2.67
"177",179,"statin_pcsk9","female",82,"yes","no","no",20,3.6,2.19,3.23
"178",180,"statin_pcsk9","male",71,"yes","no","no",19,3.88,1.96,1.75
"179",181,"statin_pcsk9","female",79,"yes","no","yes",28.4,3.96,2.2,1.31
"180",182,"statin_pcsk9","female",79,"yes","no","no",23.1,3.37,1.59,1.31
"181",183,"statin_pcsk9","male",60,"yes","no","no",21,2.68,1.8,2.08
"182",184,"statin_pcsk9","female",81,"yes","no","no",23.6,4.3,3.07,1.25
"183",185,"statin_pcsk9","male",77,"no","no","no",21,3.58,0.87,1.3
"184",186,"statin_pcsk9","male",56,"no","no","no",22,4.37,1.21,1.37
"185",187,"statin_pcsk9","male",78,"yes","yes","yes",24.5,3.14,0.89,0.54
"186",188,"statin_pcsk9","male",80,"yes","yes","no",23.6,3.6,0.75,0.75
"187",189,"statin_pcsk9","female",66,"yes","no","no",22,3.9,0.77,1.21
"188",190,"statin_pcsk9","female",71,"yes","no","no",19,4.24,0.93,0.61
"189",191,"statin_pcsk9","male",62,"yes","no","yes",23.9,4.21,1.38,0.71
"190",192,"statin_pcsk9","female",85,"yes","no","no",20.5,4.24,1.79,0.83
"191",193,"statin_pcsk9","male",50,"no","yes","yes",24.1,4.26,2,2.6
"192",194,"statin_pcsk9","female",82,"yes","no","yes",27.8,2.99,1.45,1.51
"193",195,"statin_pcsk9","female",82,"yes","no","no",24.4,4.22,0.81,2.72
"194",196,"statin_pcsk9","female",72,"yes","no","no",22.5,6.02,1.65,2.39
"195",197,"statin_pcsk9","male",77,"yes","yes","yes",28,4.35,1.54,0.98
"196",198,"statin_pcsk9","male",61,"yes","no","yes",24.7,4.57,1.35,0.65
"197",199,"statin_pcsk9","female",61,"yes","no","no",27.1,4.58,1.65,2.73
"198",200,"statin_pcsk9","female",85,"yes","no","yes",24.4,3.81,1.44,1.71
"199",201,"statin_pcsk9","female",73,"yes","no","no",29.6,2.75,1.1,2.22
"200",202,"statin_pcsk9","male",80,"yes","yes","no",25.4,3.48,2.49,0.334
"201",203,"statin_pcsk9"," female",67,"yes","no","yes",20.7,5.11,3.6,0.54
"202",204,"statin_pcsk9","male",67,"yes","yes","yes",24.6,3.8,1.29,0.52
"203",205,"statin_pcsk9","male",68,"no","yes","no",25.1,3.39,0.98,1.52
"204",206,"statin_pcsk9","female",67,"yes","no","yes",31.8,2.71,1.63,0.68
"205",207,"statin_pcsk9","male",67,"yes","yes","no",25.1,5.42,1.53,1.44
"206",208,"statin_pcsk9","female",82,"yes","no","yes",26.7,3.62,1.71,0.5
"207",209,"statin_pcsk9","male",76,"yes","yes","no",21.5,4.02,1.45,0.82
"208",210,"statin_pcsk9","male",78,"no","yes","no",25.1,2.79,1.72,2.12
"209",211,"statin_pcsk9","male",72,"no","yes","yes",21.8,3.29,1.04,2.16
"210",212,"statin_pcsk9","male",84,"yes","no","yes",22.9,3.85,1.16,1.04
"211",213,"statin_pcsk9","male",48,"yes","no","yes",27.1,3.81,1.62,0.65
"212",214,"statin_pcsk9","male",74,"yes","yes","no",27.5,4.25,1.42,0.9
"213",215,"statin_pcsk9","female",66,"yes","no","no",23.7,4.63,2.34,4.19
"214",216,"statin_pcsk9","female",79,"yes","no","no",26.4,4.8,0.89,2.64
"215",217,"statin_pcsk9","female",67,"yes","no","no",21.9,3.64,0.74,0.6
"216",218,"statin_pcsk9","female",87,"yes ","no","no",20.5,2.63,1.46,1.79
"217",219,"statin_pcsk9","male",61,"yes","yes","yes",27.3,4.09,2.25,2.3
"218",220,"statin_pcsk9","male",64,"yes","no","no",22.5,5.44,0.8,0.63
"219",221,"statin_pcsk9","male",50,"yes","yes","no",27.3,4.69,1.48,1.61
"220",222,"statin_pcsk9","male",66,"yes","no","yes",22.2,3.32,0.87,0.6
"221",223,"statin_pcsk9","male",75,"yes","yes","no",27.6,2.58,0.6,1.24
"222",224,"statin_pcsk9","male",61,"yes","yes","yes",23.3,3.75,0.81,0.73
"223",225,"combine3","male",77,"yes","yes","yes",22.7,2.44,1.57,1.31
"224",226,"combine3","female",75,"no","no","yes",26,4.22,2.13,2.49
"225",227,"combine3","male",69,"yes","no","no",21.8,3.22,1.53,1.21
"226",228,"combine3","male",55,"yes","yes","no",24.1,2.1,0.96,1.32
"227",229,"combine3","male",61,"yes","no","no",23.6,3.27,1.73,0.22
"228",230,"combine3","female",74,"yes","no","yes",23.3,3.87,0.63,1.14
"229",231,"combine3","female",74,"no","no","no",24.9,5.72,1.63,1.48
"230",232,"combine3","female",61,"yes","no","yes",23.4,7.18,3.47,1.31
"231",233,"combine3","male",56,"yes","yes","no",24.1,2.46,0.92,0.24
"232",234,"combine3","male",49,"no","yes","no",21.2,4.11,3.37,1.78
"233",235,"combine3","male",81,"yes","no","no",21.6,2.76,0.39,0.61
"234",236,"combine3","female",61,"yes","no","yes",20.4,4.07,0.62,1.21
"235",237,"combine3","female",73,"yes","no","yes",26.2,6.1,2.36,2.13
"236",238,"combine3","male",49,"yes","no","yes",22.4,3.88,1.6,0.6
"237",239,"combine3","male",66,"no","yes","yes",21.5,4.63,1.91,2.2
"238",240,"combine3","male",67,"no","yes","yes",26.8,4.86,1.93,0.17
"239",241,"combine3","male",69,"yes","no","yes",26.8,2.49,1.15,0.89
"240",242,"combine3","female",82,"yes","no","no",23.8,3.59,1.61,0.67
"241",243,"combine3","female",71,"yes","no","yes",18.7,4.89,0.87,0.58
"242",244,"combine3","male",69,"no","yes","no",23.9,5.9,1.44,1.21
"243",245,"combine3","male",76,"no","yes","no",19.7,6.08,0.73,0.97
"244",246,"combine3","male",71,"yes","yes","no",30.1,4.87,1.1,1.57
"245",247,"combine3","male",55,"yes","no","yes",24.7,4.65,1.79,0.86
"246",248,"combine3","female",79,"yes","no","yes",23.1,3.81,1.36,0.31
"247",249,"combine3","male",73,"yes","no","yes",19.8,3.72,2.21,1.12
"248",250,"combine3","female",68,"yes","no","no",22.2,5.53,2.58,0.73
"249",251,"combine3","male",68,"yes","yes","no",26.5,6.52,3.68,1.22
"250",252,"combine3","male",68,"yes","yes","yes",26,2.16,1.71,1.55
"251",253,"combine3","male",62,"yes","no","no",29.7,3.37,1.04,0.49
"252",254,"combine3","male",60,"no","yes","no",24,4.6,2.01,2
"253",255,"combine3","male",37,"no","yes","no",28.2,6.05,3.08,2.44
"254",256,"combine3","male",53,"yes","no","no",26,4.47,1.89,0.49
"255",257,"combine3","female",66,"no","no","no",27.1,2.86,0.55,1
"256",258,"combine3","male",74,"yes","yes","yes",24.1,3.16,1.7,0.86
"257",259,"combine3","male",52,"no","no","no",24.7,5.74,1.08,4.18
"258",260,"combine3","male",81,"yes","yes","yes",22.4,3.37,0.92,1.71
"259",261,"combine3","female",50,"yes","no","no",22.7,5.64,2.75,1.7
"260",262,"combine3","male",63,"yes","no","no",25.4,4.6,1.27,3.27
"261",263,"combine3","male",72,"yes","yes","no",22,4.59,1.43,1.48
"262",264,"combine3","male",72,"yes","no","no",30.9,3.62,1.99,1.21
"263",265,"combine3","female",68,"yes","no","no",27.9,4.53,1.95,4.1
"264",266,"combine3","male",71,"yes","no","yes",26.8,4.62,2.62,0.58
"265",267,"combine3","male",72,"yes","yes","no",23.4,4.84,1.47,2.87
"266",268,"combine3","female",60,"yes","no","no",34.6,5.83,2.46,1.89
"267",269,"combine3","male",70,"no","yes","no",21.5,4.9,1.17,1.12
"268",270,"combine3","male",68,"yes","no","no",20.4,2.71,1.23,0.29
"269",271,"combine3","female",70,"yes","no","no",23.6,5.09,0.4,2.82
"270",272,"combine3","male",77,"no","no","no",23.4,4.73,0.77,2.87
"271",273,"combine3","male",57,"yes","yes","yes",17.3,5.18,1.26,1.86
"272",274,"combine3","male",56,"yes","no","no",24.7,4.47,4.31,1.83
"273",275,"combine3","male",65,"yes","yes","yes",26.7,2.48,0.61,1.66
"274",276,"combine3","male",63,"no","yes","no",23.7,4.14,1.75,1.11
"275",277,"combine3","male",63,"no","yes","no",23.7,4.4,1.27,0.26
"276",278,"combine3","female",64,"yes","no","no",20.1,4.71,1.05,2.21
"277",279,"combine3","female",58,"yes","no","yes",25.4,3.44,1.01,0.33
"278",280,"combine3","female",75,"yes","yes","yes",22.6,4.11,0.98,1.94
"279",281,"combine3","male",61,"yes","yes","yes",24.5,4.19,1.22,0.46
"280",282,"combine3","male",71,"yes","yes","no",21.9,2.14,0.68,1.02
"281",283,"combine3","female",69,"yes","no","yes",23.5,3.17,0.89,0.65
"282",284,"combine3","male",85,"yes","no","yes",21.2,2.33,0.86,0.31
"283",285,"combine3","female",74,"yes","no","no",21.1,3.6,0.59,0.43
"284",286,"combine3","female",82,"yes","no","yes",24.7,3.17,1.02,0.4
"285",287,"combine3","female",71,"yes","no","no",22.2,3.24,0.82,0.68
"286",288,"combine3","male",64,"yes","yes","no",22.2,1.51,1.51,1.05
"287",289,"combine3","female",70,"yes","no","no",23.6,5.32,2.88,0.19
"288",290,"combine3","male",88,"yes","no","no",26.6,5.04,1.41,0.6
"289",291,"combine3","female",64,"yes","no","no",23,6.4,1.57,0.62
"290",292,"combine3","female",83,"yes","no","no",26,3.06,1.31,1.34
"291",293,"combine3","female",59,"yes","no","yes",26.2,4.66,1.27,1.5
"292",294,"combine3","male",69,"yes","no","yes",22.8,2.71,1.23,0.58
"293",295,"combine3","male",72,"yes","yes","yes",21,5.43,1.92,1.68
"294",296,"combine3","female",59,"yes","no","yes",22.5,2.77,1.25,0.47
