"id","x","y"
1,0.933936990101175,0.671156847706485
2,0.543543532332482,0.32679144588727
3,0.0931579658821669,-1.31679097756535
4,1.81650319224005,1.08261897787476
5,0.11928054852648,-0.484477319757035
6,1.61183943141137,-0.387925922308984
7,0.386020258614948,1.32191018640105
8,0.392460845449632,-1.52486226592058
9,0.324568001996453,-1.48058442402961
10,0.587724391608168,0.0223862581323393
11,-0.634781025411752,1.89226944176438
12,-1.93282081914679,-0.337061516049603
13,-0.482489341769669,0.709837190947437
14,-0.196695500731614,-0.346156011835022
15,-1.56342004277061,-1.90171870620799
16,0.414784567268575,1.37177451849065
17,-1.56071641397104,0.825488106875419
18,-0.300741449666669,-0.723374343189841
19,-1.3556153108304,0.177860864125135
20,1.89758072988732,0.408786597818312
21,-1.97333457652483,-0.961496860756663
22,-1.9327706819613,1.78393861398904
23,0.173692296861259,-0.718294539545988
24,-0.381429068895551,1.01929589595504
25,-0.0227363672928912,0.00108691475058261
26,-2.74897529072553,0.0736033863363604
27,-1.66827593337768,-0.503266845559086
28,-0.495926385661885,-0.947642747538606
29,-0.216406038069165,-0.449157153585506
30,-0.600219884202613,1.50884016022248
31,0.461705264837631,1.01569717872255
32,0.768718337311398,-0.318746078545489
33,0.156077664418098,-0.146752951842446
34,1.3814546368339,0.871030391466558
35,-0.914348511204559,0.0109800520819019
36,-0.29456587199374,0.953048504843785
37,-0.554208614716112,0.299163459058905
38,2.29389436050865,1.08470278910586
39,-0.0136954793550584,-0.495545363406646
40,-0.0171797478854544,0.525952381649203
41,-0.952725891005205,-0.915836065899283
42,-0.117065221228187,1.17979102593635
43,-0.85213043068766,-0.698898999130471
44,-1.64897057100864,-1.17056490373041
45,-0.291558852596783,0.0546670355383575
46,0.335412375330537,0.829622095636868
47,-0.347122160163945,0.307089025891998
48,-0.723945896366153,-0.198736876958215
49,-0.556795179673239,-1.42287062982612
50,-0.903385765055071,0.375073259511087
51,0.453472781901754,-0.740394641112455
52,-0.209645910678312,0.278365304544103
53,-0.0237623980130174,-0.208500144901146
54,-0.94859783189913,0.0558631564976825
55,1.3321828443085,-0.191662680140462
56,-0.729308051032575,1.22171731841576
57,-2.550165925026,-0.88306739195004
58,-0.265103058624759,-1.03791454049922
59,1.38669480473976,1.17989846033072
60,0.274824425280109,-0.333115720879821
61,-2.34108961156464,-2.53760627404495
62,0.635291346957122,-0.627507574655993
63,-0.731089809354103,1.8552570005412
64,0.793908657350924,-0.158749497838364
65,2.03184473045032,-0.963290691315223
66,0.624002486292804,-1.26979978900796
67,0.0627965828641268,-2.08581393145951
68,-1.9556450461316,-2.56429479275983
69,0.546797424836428,0.028424631524676
70,-1.88695682250545,-0.108681260372451
71,0.228403177642912,-0.938292215403425
72,-0.343085873236508,-0.279058380633074
73,0.291552022243888,0.529155940649053
74,-0.724491023316815,0.777753876801715
75,1.44324027456129,0.342905395225463
76,-1.3517882202072,0.0720123259689866
77,0.406542985316665,0.347399224803992
78,-0.832825519748929,1.76342629984494
79,0.81958289275361,0.154100222036634
80,-0.818574571163986,-0.548979387519437
81,1.15136946623148,-1.38016353320445
82,-1.50697292473101,0.224020875271298
83,-1.65041813253583,-0.435293268641216
84,2.18984447790801,1.35345804456378
85,0.551090728196194,0.291421465008615
86,1.45819253425672,2.59304979983425
87,0.207371917172704,2.76056855579116
88,-1.42506053529118,2.20656142581134
89,1.32677572151473,0.118376382355271
90,0.210982607994032,-0.0545766754034729
91,1.94699723602841,0.729203442912053
92,-1.19755528344297,-1.93371336096451
93,-1.23743124580957,1.68954107050149
94,-0.129670500386435,1.30769859422945
95,-0.30380674322769,1.26918714054654
96,-1.09704641222516,0.396155142946775
97,-1.14219932763161,-0.380529108110211
98,0.905983792806581,-0.0983356223810522
99,-0.915513058896315,0.0888898757527899
100,-0.208944476173718,2.11509684634449
